Althea,Featherstone,afeatherstona@sf_tuts.com,"8172 Browning Street, Apt B",Calatrava,7/12/2017
Hollis,Anneslie,hanneslieb@sf_tuts.com,3248 Roth Park,Aleysk,11/16/2017
Betti,Cicco,bciccoc@sf_tuts.com,121 Victoria Junction,Sinegor'ye,6/22/2017
Brendon,Durnall,bdurnalld@sf_tuts.com,26814 Weeping Birch Place,Sabadell,11/14/2017
Kylila,MacConnal,kmacconnale@sf_tuts.com,04 Valley Edge Court,Qingshu,6/22/2017
pradeep,MacConnal,kmacconnale@sf_tuts.com,04 Valley Edge Court,Qingshu,6/22/2017
prakash,MacConnal,kmacconnale@sf_tuts.com,04 Valley Edge Court,Qingshu,6/22/2017
John,MacConnal,kmacconnale@sf_tuts.com,04 Valley Edge Court,Qingshu,6/22/2017
Raj,MacConnal,kmacconnale@sf_tuts.com,04 Valley Edge Court,Qingshu,6/22/2017
Chandru,MacConnal,kmacconnale@sf_tuts.com,04 Valley Edge Court,Qingshu,6/22/2017
